{"RuleTriggered": 0, "Violations": 425, "Details": {"low_gpu_utilization": 922, "bottlenecks": {"1671867975.500614": {"GPUs": 1, "CPUs": 1}, "1671867976.50067": {"GPUs": 1, "CPUs": 2}, "1671867977.002156": {"GPUs": 1, "CPUs": 3}, "1671867977.500702": {"GPUs": 1, "CPUs": 1}, "1671867978.000618": {"GPUs": 1, "CPUs": 1}, "1671867979.000603": {"GPUs": 1, "CPUs": 1}, "1671867989.500652": {"GPUs": 1, "CPUs": 1}, "1671867993.000629": {"GPUs": 1, "CPUs": 1}, "1671867995.000629": {"GPUs": 1, "CPUs": 1}, "1671867995.500588": {"GPUs": 1, "CPUs": 1}, "1671867997.000622": {"GPUs": 1, "CPUs": 1}, "1671867997.500607": {"GPUs": 1, "CPUs": 1}, "1671867998.500607": {"GPUs": 1, "CPUs": 1}, "1671867999.000962": {"GPUs": 1, "CPUs": 1}, "1671868000.000615": {"GPUs": 1, "CPUs": 1}, "1671868040.000607": {"GPUs": 1, "CPUs": 1}, "1671868041.001433": {"GPUs": 1, "CPUs": 1}, "1671868043.500616": {"GPUs": 1, "CPUs": 1}, "1671868044.000598": {"GPUs": 1, "CPUs": 1}, "1671868048.500597": {"GPUs": 1, "CPUs": 1}, "1671868050.000594": {"GPUs": 1, "CPUs": 1}, "1671868051.500616": {"GPUs": 1, "CPUs": 1}, "1671868052.000594": {"GPUs": 1, "CPUs": 1}, "1671868055.000594": {"GPUs": 1, "CPUs": 1}, "1671868055.500629": {"GPUs": 1, "CPUs": 1}, "1671868056.501279": {"GPUs": 1, "CPUs": 1}, "1671868057.000853": {"GPUs": 1, "CPUs": 1}, "1671868058.501312": {"GPUs": 1, "CPUs": 1}, "1671868062.000585": {"GPUs": 1, "CPUs": 1}, "1671868063.000622": {"GPUs": 1, "CPUs": 1}, "1671868063.500611": {"GPUs": 1, "CPUs": 1}, "1671868064.000606": {"GPUs": 1, "CPUs": 1}, "1671868064.500597": {"GPUs": 1, "CPUs": 1}, "1671868066.000651": {"GPUs": 1, "CPUs": 1}, "1671868066.500638": {"GPUs": 1, "CPUs": 1}, "1671868067.500594": {"GPUs": 1, "CPUs": 1}, "1671868071.000588": {"GPUs": 1, "CPUs": 1}, "1671868072.000589": {"GPUs": 1, "CPUs": 1}, "1671868073.000544": {"GPUs": 1, "CPUs": 1}, "1671868074.000592": {"GPUs": 1, "CPUs": 1}, "1671868081.001284": {"GPUs": 1, "CPUs": 1}, "1671868083.000558": {"GPUs": 1, "CPUs": 1}, "1671868084.000584": {"GPUs": 1, "CPUs": 1}, "1671868119.000598": {"GPUs": 1, "CPUs": 1}, "1671868119.501189": {"GPUs": 1, "CPUs": 1}, "1671868120.000604": {"GPUs": 1, "CPUs": 1}, "1671868123.501286": {"GPUs": 1, "CPUs": 1}, "1671868124.500598": {"GPUs": 1, "CPUs": 1}, "1671868137.500547": {"GPUs": 1, "CPUs": 1}, "1671868155.500602": {"GPUs": 1, "CPUs": 1}, "1671868157.000598": {"GPUs": 1, "CPUs": 1}, "1671868157.500597": {"GPUs": 1, "CPUs": 1}, "1671868158.000648": {"GPUs": 1, "CPUs": 1}, "1671868159.000608": {"GPUs": 1, "CPUs": 1}, "1671868159.500608": {"GPUs": 1, "CPUs": 1}, "1671868160.000614": {"GPUs": 1, "CPUs": 1}, "1671868160.500597": {"GPUs": 1, "CPUs": 1}, "1671868161.000582": {"GPUs": 1, "CPUs": 1}, "1671868161.500633": {"GPUs": 1, "CPUs": 1}, "1671868162.000596": {"GPUs": 1, "CPUs": 1}, "1671868162.501168": {"GPUs": 1, "CPUs": 1}, "1671868163.000579": {"GPUs": 1, "CPUs": 1}, "1671868164.500587": {"GPUs": 1, "CPUs": 1}, "1671868169.500603": {"GPUs": 1, "CPUs": 1}, "1671868172.50061": {"GPUs": 1, "CPUs": 1}, "1671868173.000624": {"GPUs": 1, "CPUs": 1}, "1671868174.500582": {"GPUs": 1, "CPUs": 1}, "1671868175.500643": {"GPUs": 1, "CPUs": 1}, "1671868176.00061": {"GPUs": 1, "CPUs": 1}, "1671868178.000623": {"GPUs": 1, "CPUs": 1}, "1671868179.000625": {"GPUs": 1, "CPUs": 1}, "1671868179.500663": {"GPUs": 1, "CPUs": 2}, "1671868180.500618": {"GPUs": 1, "CPUs": 2}, "1671868181.000639": {"GPUs": 1, "CPUs": 2}, "1671868181.500579": {"GPUs": 1, "CPUs": 1}, "1671868182.000603": {"GPUs": 1, "CPUs": 1}, "1671868183.000616": {"GPUs": 1, "CPUs": 1}, "1671868183.500616": {"GPUs": 1, "CPUs": 1}, "1671868184.500633": {"GPUs": 1, "CPUs": 1}, "1671868185.500611": {"GPUs": 1, "CPUs": 1}, "1671868186.500618": {"GPUs": 1, "CPUs": 1}, "1671868190.000633": {"GPUs": 1, "CPUs": 1}, "1671868191.000611": {"GPUs": 1, "CPUs": 2}, "1671868191.5006": {"GPUs": 1, "CPUs": 1}, "1671868192.000594": {"GPUs": 1, "CPUs": 2}, "1671868192.50063": {"GPUs": 1, "CPUs": 1}, "1671868193.000618": {"GPUs": 1, "CPUs": 1}, "1671868193.500598": {"GPUs": 1, "CPUs": 1}, "1671868195.00061": {"GPUs": 1, "CPUs": 1}, "1671868195.501173": {"GPUs": 1, "CPUs": 1}, "1671868196.000634": {"GPUs": 1, "CPUs": 1}, "1671868196.500611": {"GPUs": 1, "CPUs": 1}, "1671868197.000643": {"GPUs": 1, "CPUs": 4}, "1671868197.504209": {"GPUs": 1, "CPUs": 4}, "1671868198.041425": {"GPUs": 1, "CPUs": 4}, "1671868198.576721": {"GPUs": 1, "CPUs": 3}, "1671868199.005468": {"GPUs": 1, "CPUs": 4}, "1671868199.500614": {"GPUs": 1, "CPUs": 3}, "1671868200.507751": {"GPUs": 1, "CPUs": 1}, "1671868201.000853": {"GPUs": 1, "CPUs": 1}, "1671868201.501469": {"GPUs": 1, "CPUs": 1}, "1671868202.000954": {"GPUs": 1, "CPUs": 2}, "1671868202.509503": {"GPUs": 1, "CPUs": 4}, "1671868203.001473": {"GPUs": 1, "CPUs": 1}, "1671868203.502481": {"GPUs": 1, "CPUs": 3}, "1671868204.00828": {"GPUs": 1, "CPUs": 3}, "1671868204.546055": {"GPUs": 1, "CPUs": 3}, "1671868205.000587": {"GPUs": 1, "CPUs": 1}, "1671868205.500985": {"GPUs": 1, "CPUs": 1}, "1671868206.000596": {"GPUs": 1, "CPUs": 1}, "1671868206.501368": {"GPUs": 1, "CPUs": 1}, "1671868207.0006": {"GPUs": 1, "CPUs": 1}, "1671868207.500593": {"GPUs": 1, "CPUs": 1}, "1671868212.000598": {"GPUs": 1, "CPUs": 1}, "1671868212.500616": {"GPUs": 1, "CPUs": 1}, "1671868213.00059": {"GPUs": 1, "CPUs": 1}, "1671868213.501079": {"GPUs": 1, "CPUs": 1}, "1671868214.500597": {"GPUs": 1, "CPUs": 1}, "1671868215.001171": {"GPUs": 1, "CPUs": 1}, "1671868219.504733": {"GPUs": 1, "CPUs": 1}, "1671868220.000602": {"GPUs": 1, "CPUs": 1}, "1671868220.500636": {"GPUs": 1, "CPUs": 1}, "1671868221.000605": {"GPUs": 1, "CPUs": 1}, "1671868222.000619": {"GPUs": 1, "CPUs": 1}, "1671868223.001435": {"GPUs": 1, "CPUs": 1}, "1671868227.501447": {"GPUs": 1, "CPUs": 1}, "1671868228.005424": {"GPUs": 1, "CPUs": 1}, "1671868230.000609": {"GPUs": 1, "CPUs": 1}, "1671868235.50115": {"GPUs": 1, "CPUs": 1}, "1671868236.500589": {"GPUs": 1, "CPUs": 1}, "1671868241.000642": {"GPUs": 1, "CPUs": 1}, "1671868241.500604": {"GPUs": 1, "CPUs": 1}, "1671868242.000639": {"GPUs": 1, "CPUs": 1}, "1671868242.500613": {"GPUs": 1, "CPUs": 1}, "1671868243.00126": {"GPUs": 1, "CPUs": 1}, "1671868248.000596": {"GPUs": 1, "CPUs": 1}, "1671868248.500627": {"GPUs": 1, "CPUs": 1}, "1671868249.500588": {"GPUs": 1, "CPUs": 1}, "1671868250.000575": {"GPUs": 1, "CPUs": 1}, "1671868255.000878": {"GPUs": 1, "CPUs": 1}, "1671868256.000555": {"GPUs": 1, "CPUs": 1}, "1671868261.000579": {"GPUs": 1, "CPUs": 1}, "1671868261.501142": {"GPUs": 1, "CPUs": 1}, "1671868262.000601": {"GPUs": 1, "CPUs": 1}, "1671868265.000597": {"GPUs": 1, "CPUs": 1}, "1671868265.500568": {"GPUs": 1, "CPUs": 1}, "1671868266.000615": {"GPUs": 1, "CPUs": 1}, "1671868267.00111": {"GPUs": 1, "CPUs": 1}, "1671868267.500589": {"GPUs": 1, "CPUs": 1}, "1671868268.00061": {"GPUs": 1, "CPUs": 1}, "1671868269.500619": {"GPUs": 1, "CPUs": 1}, "1671868270.00062": {"GPUs": 1, "CPUs": 1}, "1671868271.500601": {"GPUs": 1, "CPUs": 1}, "1671868273.500652": {"GPUs": 1, "CPUs": 1}, "1671868274.000617": {"GPUs": 1, "CPUs": 1}, "1671868274.500604": {"GPUs": 1, "CPUs": 1}, "1671868275.500609": {"GPUs": 1, "CPUs": 1}, "1671868276.000594": {"GPUs": 1, "CPUs": 1}, "1671868276.501143": {"GPUs": 1, "CPUs": 1}, "1671868277.500598": {"GPUs": 1, "CPUs": 1}, "1671868278.000649": {"GPUs": 1, "CPUs": 1}, "1671868278.5006": {"GPUs": 1, "CPUs": 1}, "1671868279.001077": {"GPUs": 1, "CPUs": 1}, "1671868279.500605": {"GPUs": 1, "CPUs": 1}, "1671868280.000602": {"GPUs": 1, "CPUs": 1}, "1671868281.001055": {"GPUs": 1, "CPUs": 1}, "1671868282.500608": {"GPUs": 1, "CPUs": 1}, "1671868283.000604": {"GPUs": 1, "CPUs": 1}, "1671868283.500584": {"GPUs": 1, "CPUs": 1}, "1671868284.500628": {"GPUs": 1, "CPUs": 1}, "1671868285.000595": {"GPUs": 1, "CPUs": 1}, "1671868286.00057": {"GPUs": 1, "CPUs": 1}, "1671868286.500604": {"GPUs": 1, "CPUs": 1}, "1671868287.00061": {"GPUs": 1, "CPUs": 1}, "1671868287.500616": {"GPUs": 1, "CPUs": 1}, "1671868288.500599": {"GPUs": 1, "CPUs": 1},