{"RuleTriggered": 0, "Violations": 0, "Details": {"pin_memory": false, "num_workers": 0, "cores": 4, "dataloaders": 1, "dataloading_time": {"p25": 1.73400825, "p50": 2.04493, "p95": 3.011336449999999, "probs": [1, 1, 0, 1, 0, 0, 0, 1, 0, 0, 0, 0, 0, 0, 0, 0, 0, 0, 0, 0, 1, 0, 0, 0, 0, 0, 2, 0, 0, 0, 0, 0, 0, 0, 0, 0, 0, 0, 0, 0, 0, 0, 0, 0, 0, 0, 0, 0, 0, 1, 0, 0, 0, 0, 0, 0, 0, 0, 0, 0, 0, 1, 0, 0, 0, 0, 0, 0, 0, 0, 0, 0, 0, 0, 0, 0, 0, 0, 0, 0, 0, 0, 0, 0, 0, 0, 0, 0, 0, 0, 0, 0, 0, 0, 0, 0, 0, 0, 0, 1], "binedges": [1.665611, 1.68185195, 1.6980929, 1.71433385, 1.7305747999999999, 1.74681575, 1.7630567, 1.77929765, 1.7955386, 1.81177955, 1.8280205, 1.8442614499999999, 1.8605024, 1.87674335, 1.8929843, 1.90922525, 1.9254661999999998, 1.9417071499999998, 1.9579480999999999, 1.97418905, 1.99043, 2.0066709499999997, 2.0229119, 2.03915285, 2.0553938, 2.07163475, 2.0878756999999997, 2.10411665, 2.1203575999999997, 2.13659855, 2.1528395, 2.16908045, 2.1853214, 2.2015623499999997, 2.2178033, 2.2340442499999997, 2.2502852, 2.26652615, 2.2827671, 2.29900805, 2.3152489999999997, 2.33148995, 2.3477308999999997, 2.36397185, 2.3802128, 2.39645375, 2.4126947, 2.4289356499999997, 2.4451766, 2.4614175499999997, 2.4776584999999995, 2.49389945, 2.5101404, 2.52638135, 2.5426222999999997, 2.55886325, 2.5751041999999997, 2.5913451499999995, 2.6075861, 2.62382705, 2.640068, 2.6563089499999997, 2.6725499, 2.6887908499999997, 2.7050317999999995, 2.72127275, 2.7375137, 2.75375465, 2.7699955999999997, 2.78623655, 2.8024774999999997, 2.8187184499999995, 2.8349594, 2.85120035, 2.8674412999999994, 2.8836822499999997, 2.8999232, 2.9161641499999997, 2.9324050999999995, 2.94864605, 2.964887, 2.9811279499999994, 2.9973688999999997, 3.01360985, 3.0298507999999997, 3.0460917499999995, 3.0623327, 3.0785736499999996, 3.0948145999999994, 3.1110555499999997, 3.1272965, 3.1435374499999997, 3.1597783999999995, 3.17601935, 3.1922602999999996, 3.2085012499999994, 3.2247421999999997, 3.24098315, 3.2572240999999997, 3.2734650499999995, 3.289706]}}, "Datapoints": 10, "RuleParameters": "min_threshold:70\nmax_threshold:200"}