{"RuleTriggered": 0, "Violations": 70, "Details": {"low_gpu_utilization": 922, "bottlenecks": {"1671868014.500596": {"GPUs": 1, "CPUs": 1}, "1671868022.000591": {"GPUs": 1, "CPUs": 1}, "1671868024.000607": {"GPUs": 1, "CPUs": 1}, "1671868024.5006": {"GPUs": 1, "CPUs": 1}, "1671868146.000593": {"GPUs": 1, "CPUs": 1}, "1671868148.000598": {"GPUs": 1, "CPUs": 1}, "1671868148.500585": {"GPUs": 1, "CPUs": 1}, "1671868149.500606": {"GPUs": 1, "CPUs": 1}, "1671868151.000598": {"GPUs": 1, "CPUs": 1}, "1671868153.000595": {"GPUs": 1, "CPUs": 1}, "1671868153.500589": {"GPUs": 1, "CPUs": 1}, "1671868160.000614": {"GPUs": 1, "CPUs": 1}, "1671868164.500587": {"GPUs": 1, "CPUs": 1}, "1671868165.000649": {"GPUs": 1, "CPUs": 1}, "1671868166.500601": {"GPUs": 1, "CPUs": 1}, "1671868169.500603": {"GPUs": 1, "CPUs": 1}, "1671868179.000625": {"GPUs": 1, "CPUs": 1}, "1671868179.500663": {"GPUs": 1, "CPUs": 2}, "1671868180.000631": {"GPUs": 1, "CPUs": 2}, "1671868180.500618": {"GPUs": 1, "CPUs": 1}, "1671868181.000639": {"GPUs": 1, "CPUs": 1}, "1671868181.500579": {"GPUs": 1, "CPUs": 1}, "1671868182.501213": {"GPUs": 1, "CPUs": 1}, "1671868183.000616": {"GPUs": 1, "CPUs": 1}, "1671868184.000589": {"GPUs": 1, "CPUs": 1}, "1671868184.500633": {"GPUs": 1, "CPUs": 1}, "1671868185.0006": {"GPUs": 1, "CPUs": 1}, "1671868185.500611": {"GPUs": 1, "CPUs": 1}, "1671868186.500618": {"GPUs": 1, "CPUs": 1}, "1671868187.000646": {"GPUs": 1, "CPUs": 1}, "1671868187.500627": {"GPUs": 1, "CPUs": 1}, "1671868190.000633": {"GPUs": 1, "CPUs": 1}, "1671868190.500625": {"GPUs": 1, "CPUs": 1}, "1671868191.000611": {"GPUs": 1, "CPUs": 1}, "1671868191.5006": {"GPUs": 1, "CPUs": 2}, "1671868192.000594": {"GPUs": 1, "CPUs": 1}, "1671868192.50063": {"GPUs": 1, "CPUs": 1}, "1671868193.000618": {"GPUs": 1, "CPUs": 2}, "1671868193.500598": {"GPUs": 1, "CPUs": 2}, "1671868194.000619": {"GPUs": 1, "CPUs": 1}, "1671868194.501208": {"GPUs": 1, "CPUs": 2}, "1671868195.00061": {"GPUs": 1, "CPUs": 1}, "1671868195.501173": {"GPUs": 1, "CPUs": 1}, "1671868196.500611": {"GPUs": 1, "CPUs": 1}, "1671868357.500621": {"GPUs": 1, "CPUs": 1}, "1671868358.500612": {"GPUs": 1, "CPUs": 1}, "1671868359.00064": {"GPUs": 1, "CPUs": 1}, "1671868359.500616": {"GPUs": 1, "CPUs": 1}, "1671868360.000627": {"GPUs": 1, "CPUs": 1}, "1671868360.500619": {"GPUs": 1, "CPUs": 1}, "1671868361.000625": {"GPUs": 1, "CPUs": 1}, "1671868361.500601": {"GPUs": 1, "CPUs": 1}, "1671868362.000609": {"GPUs": 1, "CPUs": 1}, "1671868363.000606": {"GPUs": 1, "CPUs": 1}, "1671868363.50059": {"GPUs": 1, "CPUs": 2}, "1671868364.000642": {"GPUs": 1, "CPUs": 1}, "1671868366.500609": {"GPUs": 1, "CPUs": 1}, "1671868367.500606": {"GPUs": 1, "CPUs": 1}, "1671868368.00116": {"GPUs": 1, "CPUs": 1}, "1671868368.500591": {"GPUs": 1, "CPUs": 2}, "1671868369.000605": {"GPUs": 1, "CPUs": 1}, "1671868369.500611": {"GPUs": 1, "CPUs": 2}, "1671868370.001185": {"GPUs": 1, "CPUs": 1}, "1671868370.500591": {"GPUs": 1, "CPUs": 1}, "1671868371.000608": {"GPUs": 1, "CPUs": 1}, "1671868371.500613": {"GPUs": 1, "CPUs": 1}, "1671868372.000589": {"GPUs": 1, "CPUs": 2}, "1671868372.500623": {"GPUs": 1, "CPUs": 1}, "1671868373.000596": {"GPUs": 1, "CPUs": 1}, "1671868373.500597": {"GPUs": 1, "CPUs": 1}}}, "Datapoints": 1059, "RuleParameters": "threshold:50\nio_threshold:50\ngpu_threshold:10\npatience:1000"}