{"RuleTriggered": 0, "Violations": 0, "Details": {"step_num": {"first": 1671868162926636, "last": 1671868498421525}, "job_start": 1671867972.00056, "job_end": 1671868499.501085}, "Datapoints": 119, "RuleParameters": "threshold:20"}