{"RuleTriggered": 0, "Violations": 0, "Details": {"ratio": {"gpu_functions-dev:0": 51.857500114553865, "cpu_functions": 48.142499885446135}, "phase": {"Step:ModeKeys.TRAIN": 41.39097009255824, "others": 48.93443738184012, "Step:ModeKeys.EVAL": 9.674592525601645}, "phase_time": {}, "CPU": {"aten::conv2d": 13.529255553485847, "aten::convolution": 13.27801505470295, "aten::_convolution": 13.208459374000132, "aten::cudnn_convolution": 13.164628991194707, "aten::to": 6.45576767612937, "aten::copy_": 6.638616606020374, "enumerate(DataLoader)#_SingleProcessDataLoaderIter.__next__": 33.72525674446662}, "CPU_total": {"aten::conv2d": 8600247, "aten::convolution": 8440539, "aten::_convolution": 8396324, "aten::cudnn_convolution": 8368462, "aten::to": 4103788, "aten::copy_": 4220021, "enumerate(DataLoader)#_SingleProcessDataLoaderIter.__next__": 21438396}, "GPU": {"aten::conv2d": 14.297900025237825, "aten::convolution": 14.294475162209801, "aten::_convolution": 14.29152585341115, "aten::cudnn_convolution": 14.287834854529995, "aten::to": 5.735982413742825, "aten::copy_": 5.913686994627284, "enumerate(DataLoader)#_SingleProcessDataLoaderIter.__next__": 31.17859469624112}, "GPU_total": {"aten::conv2d": 9831504, "aten::convolution": 9829149, "aten::_convolution": 9827121, "aten::cudnn_convolution": 9824583, "aten::to": 3944169, "aten::copy_": 4066362, "enumerate(DataLoader)#_SingleProcessDataLoaderIter.__next__": 21438986}, "general": {"DataLoaderIterInitialize": 0.0005766198596181183, "DataLoaderIter": 16.06656182555903, "Forward": 83.93286155458135}}, "Datapoints": 0, "RuleParameters": ""}