{"RuleTriggered": 0, "Violations": 0, "Details": {"step_details": {"algo-1-26": {"step_stats": {"mean": 0.8422801574074076, "max": 30.489995, "p99": 6.192251, "p95": 5.1774934499999965, "p50": 0.024406499999999998, "min": 0.023005}, "number_of_outliers": 1, "phase": "Step:ModeKeys.TRAIN", "stddev": 3.26, "probs": [95, 0, 0, 0, 0, 0, 0, 0, 0, 0, 0, 0, 0, 0, 0, 0, 0, 0, 0, 0, 0, 0, 0, 0, 0, 0, 0, 0, 0, 0, 0, 0, 0, 1, 0, 0, 0, 0, 0, 0, 0, 0, 0, 0, 0, 0, 0, 0, 0, 0, 0, 0, 0, 0, 0, 0, 0, 0, 0, 0, 0, 0, 0, 0, 0, 0, 0, 0, 0, 0, 0, 1, 3, 0, 1, 0, 0, 0, 1, 0, 0, 0, 0, 0, 0, 0, 2, 1, 0, 0, 0, 0, 0, 0, 0, 0, 0, 0, 0, 2], "binedges": [0.023005, 0.08469745999999999, 0.14638991999999998, 0.20808237999999996, 0.26977483999999996, 0.33146729999999996, 0.3931597599999999, 0.4548522199999999, 0.51654468, 0.5782371399999999, 0.6399296, 0.7016220599999999, 0.7633145199999999, 0.82500698, 0.8866994399999999, 0.9483919, 1.0100843599999998, 1.0717768199999997, 1.1334692799999997, 1.1951617399999999, 1.2568541999999998, 1.3185466599999998, 1.3802391199999997, 1.4419315799999997, 1.5036240399999996, 1.5653164999999998, 1.6270089599999997, 1.6887014199999997, 1.7503938799999996, 1.8120863399999996, 1.8737787999999997, 1.9354712599999997, 1.9971637199999996, 2.05885618, 2.1205486399999995, 2.1822410999999997, 2.2439335599999994, 2.3056260199999996, 2.36731848, 2.4290109399999995, 2.4907033999999997, 2.5523958599999994, 2.6140883199999996, 2.6757807799999997, 2.7374732399999995, 2.7991656999999996, 2.8608581599999994, 2.9225506199999995, 2.9842430799999993, 3.0459355399999994, 3.1076279999999996, 3.1693204599999993, 3.2310129199999995, 3.2927053799999992, 3.3543978399999994, 3.4160902999999996, 3.4777827599999993, 3.5394752199999995, 3.601167679999999, 3.6628601399999994, 3.7245525999999995, 3.7862450599999993, 3.8479375199999994, 3.909629979999999, 3.9713224399999993, 4.0330148999999995, 4.09470736, 4.15639982, 4.21809228, 4.279784739999999, 4.3414772, 4.40316966, 4.464862119999999, 4.52655458, 4.58824704, 4.6499394999999994, 4.71163196, 4.77332442, 4.8350168799999995, 4.896709339999999, 4.9584018, 5.02009426, 5.081786719999999, 5.14347918, 5.20517164, 5.266864099999999, 5.32855656, 5.39024902, 5.4519414799999995, 5.513633939999999, 5.5753264, 5.6370188599999995, 5.698711319999999, 5.76040378, 5.82209624, 5.883788699999999, 5.945481159999999, 6.00717362, 6.068866079999999, 6.130558539999999, 6.192251], "step_numbers": ["0"]}}}, "Datapoints": 119, "RuleParameters": "threshold:3\nmode:None\nn_outliers:10\nstddev:3"}